<?xml version='1.0' encoding='utf-8' standalone='yes' ?>
<map>
    <string name="flutter.apiKeyExpiry">2029-12-10T18:00:24.401944</string>
    <string name="flutter.lastSelectedExam">IIT-JEE</string>
    <string name="flutter.batchId">69201461146facec0260841d</string>
    <boolean name="flutter.notification_permission_granted" value="true" />
    <string name="flutter.subjectId">692023da5ae712178cd46492</string>
    <string name="flutter.apiKey">A47DA5709933</string>
    <string name="flutter.telegramLink">https://t.me/sigma_Study_official</string>
    <string name="flutter.baseUrl">https://h1.sigmastudy.site</string>
    <string name="flutter.chapterId">69203516146facec0261aea5</string>
    <boolean name="flutter.notification_permission_asked" value="true" />
    <string name="flutter.app_config">{&quot;versionCode&quot;:4,&quot;baseUrl&quot;:&quot;https://h1.sigmastudy.site&quot;,&quot;features&quot;:{&quot;serversionCodes&quot;:1},&quot;maintenance&quot;:{&quot;enabled&quot;:false},&quot;support&quot;:{&quot;telegramChannel&quot;:&quot;https://t.me/sigma_Study_official&quot;,&quot;tutorial&quot;:&quot;https://youtu.be/YRWiPC7GFpU?si=QZYzSx3X6dpCpsX7&quot;}}</string>
    <string name="flutter.lastSelectedClass">12+</string>
</map>
