{"Fid":"cJGiJeDhTyKtZw9IOQI2QI","Status":3,"AuthToken":"eyJhbGciOiJFUzI1NiIsInR5cCI6IkpXVCJ9.eyJhcHBJZCI6IjE6MTAyMzEzMzcyODg5NDphbmRyb2lkOmYyNWE2NzFmNTE5NGUxZDYxOGQ4MmYiLCJleHAiOjE3NjUxNjc0NDYsImZpZCI6ImNKR2lKZURoVHlLdFp3OUlPUUkyUUkiLCJwcm9qZWN0TnVtYmVyIjoxMDIzMTMzNzI4ODk0fQ.AB2LPV8wRQIgA5wDck-M65DyvPrYWs2M2tqZBlvKuwUsgxRtNgOEEdACIQDPxL6mgJhquWz0XqkfUVzsYMajliHodlz_s77y65_rmQ","RefreshToken":"3_AS3qfwLffRDWqjlr3sRPspvhe81i1fGpzr6-L4Lgc_x5PcBbm1r8Fw2iLvdHpd6_q5t1Qf1z0C7kCxL0vUt2Rt2a9EzQsxgbGgUxsORcMqHfsQ","TokenCreationEpochInSecs":1764562645,"ExpiresInSecs":604800}