<?xml version='1.0' encoding='utf-8' standalone='yes' ?>
<map>
    <string name="prev_event_name">app_session_start</string>
    <long name="prev_event_timestamp" value="1763042939532" />
    <int name="appsFlyerInAppEventCount" value="5" />
    <string name="afUninstallToken">fhS6A2cNRwa3eEkDY3bPYO:APA91bF_OXuEynXjtfcolQo0ovNzPY_k08peQM-s7Errp8MgZqFSI9DHbalc381YwwCs2bPUKPFCoQfFUw78jfDwC-HmhCBhibYkj4uQN-9kHXjxLimlNOE</string>
    <long name="prev_session_dur" value="1" />
    <long name="af_rc_max_age" value="86400" />
    <boolean name="ddl_sent" value="true" />
    <string name="sentSuccessfully">true</string>
    <string name="af_remote_config">eyJmZWF0dXJlcyI6e30sInZlciI6ImRlZmF1bHQudjEuMTYzNzE0OTUyOSJ9</string>
    <int name="versionCode" value="57" />
    <boolean name="sentRegisterRequestToAF" value="true" />
    <string name="savedProperties">{&quot;uid&quot;:&quot;1762939895776-9099482808038361545&quot;,&quot;oneLinkSlug&quot;:&quot;HRWp&quot;}</string>
    <string name="AF_INSTALLATION">1762939895776-9099482808038361545</string>
    <boolean name="afUninstallToken_queued" value="false" />
    <int name="appsFlyerCount" value="4" />
    <long name="af_rc_timestamp" value="1763042937958" />
    <long name="AppsFlyerTimePassedSincePrevLaunch" value="1763042945956" />
    <boolean name="newGPReferrerSent" value="true" />
    <string name="appsFlyerFirstInstall">2025-11-12_150136+0530</string>
    <long name="afUninstallToken_received_time" value="1763042940036" />
    <string name="attributionId">{&quot;install_time&quot;:&quot;2025-11-12 09:31:37.529&quot;,&quot;af_message&quot;:&quot;organic install&quot;,&quot;af_status&quot;:&quot;Organic&quot;,&quot;is_first_launch&quot;:false}</string>
</map>
