<?xml version='1.0' encoding='utf-8' standalone='yes' ?>
<map>
    <long name="OS_LAST_LOCATION_TIME" value="1765283484384" />
    <string name="MODEL_STORE_operations">[]</string>
    <string name="MODEL_STORE_session">[{&quot;id&quot;:&quot;-singleton-&quot;,&quot;isValid&quot;:true,&quot;sessionId&quot;:&quot;0176ca88-3124-4f18-af42-6f864539df52&quot;,&quot;startTime&quot;:1765283569209,&quot;focusTime&quot;:1765283569209,&quot;activeDuration&quot;:19873}]</string>
    <string name="PREFS_OS_ETAG_PREFIX_CACHE_KEY_REMOTE_PARAMS">W/&quot;e05cc4424ccd26011db4e1fdc7bf72f5&quot;</string>
    <string name="MODEL_STORE_identity">[{&quot;onesignal_id&quot;:&quot;9229ffb6-8b29-4a24-81ad-912a439d8698&quot;,&quot;id&quot;:&quot;-singleton-&quot;}]</string>
    <string name="PREFS_OS_HTTP_CACHE_PREFIX_CACHE_KEY_REMOTE_PARAMS">{&quot;awl_list&quot;:{},&quot;android_sender_id&quot;:&quot;485619996152&quot;,&quot;chnl_lst&quot;:[],&quot;outcomes&quot;:{&quot;direct&quot;:{&quot;enabled&quot;:false},&quot;indirect&quot;:{&quot;notification_attribution&quot;:{&quot;minutes_since_displayed&quot;:60,&quot;limit&quot;:10},&quot;enabled&quot;:false},&quot;unattributed&quot;:{&quot;enabled&quot;:false}},&quot;receive_receipts_enable&quot;:false}</string>
    <string name="MODEL_STORE_properties">[{&quot;onesignalId&quot;:&quot;9229ffb6-8b29-4a24-81ad-912a439d8698&quot;,&quot;country&quot;:&quot;IN&quot;,&quot;language&quot;:&quot;en&quot;,&quot;timezone&quot;:&quot;Asia\/Kolkata&quot;,&quot;id&quot;:&quot;-singleton-&quot;}]</string>
    <string name="MODEL_STORE_config">[{&quot;id&quot;:&quot;-singleton-&quot;,&quot;appId&quot;:&quot;4662bbdf-f0ab-4141-87e0-8cbe73692492&quot;,&quot;backgroundFetchNotificationPermissionInterval&quot;:86400000,&quot;foregroundFetchNotificationPermissionInterval&quot;:1000,&quot;pushSubscriptionId&quot;:&quot;5a8379c9-b09b-4d42-9108-79f91693b4de&quot;,&quot;fcmParams&quot;:{},&quot;httpGetTimeout&quot;:60000,&quot;apiUrl&quot;:&quot;https:\/\/api.onesignal.com\/&quot;,&quot;opRepoExecutionInterval&quot;:5000,&quot;influenceParams&quot;:{&quot;indirectNotificationAttributionWindow&quot;:60,&quot;isUnattributedEnabled&quot;:false,&quot;indirectIAMAttributionWindow&quot;:1440,&quot;notificationLimit&quot;:10,&quot;isDirectEnabled&quot;:false,&quot;isIndirectEnabled&quot;:false},&quot;httpTimeout&quot;:120000,&quot;isInitializedWithRemote&quot;:true,&quot;notificationChannels&quot;:&quot;[]&quot;,&quot;googleProjectNumber&quot;:&quot;485619996152&quot;,&quot;receiveReceiptEnabled&quot;:false,&quot;restoreTTLFilter&quot;:true,&quot;opRepoDefaultFailRetryBackoff&quot;:15000,&quot;opRepoPostWakeDelay&quot;:200}]</string>
    <set name="PREFS_OS_UNATTRIBUTED_UNIQUE_OUTCOME_EVENTS_SENT" />
    <string name="MODEL_STORE_subscriptions">[{&quot;id&quot;:&quot;5a8379c9-b09b-4d42-9108-79f91693b4de&quot;,&quot;type&quot;:&quot;PUSH&quot;,&quot;optedIn&quot;:true,&quot;address&quot;:&quot;clIQWN5YSbWBSBu8CYxTfG:APA91bHdGaC_SPOE_2EALY_mzurAYx8m0sGHC4pVd6944YACuYbmi7uo1nTkI4y0T-mfT3PwUT5HzkBK-TTd-1UjYT80hjfJSDp2vFHZFIg6s_ZfwAyEtW8&quot;,&quot;status&quot;:&quot;SUBSCRIBED&quot;,&quot;sdk&quot;:&quot;050135&quot;,&quot;deviceOS&quot;:&quot;14&quot;,&quot;carrier&quot;:&quot;Jio True5G&quot;,&quot;appVersion&quot;:&quot;4&quot;}]</string>
    <string name="PREFS_OS_INSTALL_ID">7d41c62f-b16c-428d-82a8-dad3a73ee376</string>
    <boolean name="USER_RESOLVED_PERMISSION_android.permission.POST_NOTIFICATIONS" value="true" />
</map>
