<?xml version='1.0' encoding='utf-8' standalone='yes' ?>
<map>
    <string name="prev_event_name">home_screen_opened</string>
    <long name="prev_event_timestamp" value="1764815981299" />
    <int name="appsFlyerInAppEventCount" value="12" />
    <long name="prev_session_dur" value="4" />
    <string name="afUninstallToken">eyGVZFZ-R22AQ3zTVAqNXe:APA91bGaol8VQo7GO7gZadQSUMmeS1iYAIqzEad26uapXaSEYdJ1WZcpW2yFPU832c1GkvrEGZZT9QqunVBGLDdvgesQYE-W935vRXxs7z1OEBe-_FGw3JY</string>
    <boolean name="ddl_sent" value="true" />
    <long name="af_rc_max_age" value="86400" />
    <string name="sentSuccessfully">true</string>
    <int name="versionCode" value="152" />
    <boolean name="sentRegisterRequestToAF" value="true" />
    <string name="af_remote_config">eyJmZWF0dXJlcyI6e30sInZlciI6ImRlZmF1bHQudjEuMTYzNzE0OTUyOSJ9</string>
    <string name="savedProperties">{&quot;uid&quot;:&quot;1764772743277-5642178675200656581&quot;,&quot;onelinkVersion&quot;:&quot;3&quot;,&quot;waitForCustomerId&quot;:&quot;false&quot;,&quot;logLevel&quot;:&quot;0&quot;,&quot;oneLinkSlug&quot;:&quot;tlS1&quot;,&quot;onelinkDomain&quot;:&quot;viralo.onelink.me&quot;,&quot;AppUserId&quot;:&quot;cmiq534aj06bepec69cp1i008&quot;,&quot;onelinkScheme&quot;:&quot;viralo:\/\/&quot;}</string>
    <string name="AF_INSTALLATION">1764772743277-5642178675200656581</string>
    <boolean name="afUninstallToken_queued" value="false" />
    <int name="appsFlyerCount" value="18" />
    <long name="AppsFlyerTimePassedSincePrevLaunch" value="1764919111579" />
    <boolean name="newGPReferrerSent" value="true" />
    <long name="af_rc_timestamp" value="1764774399749" />
    <string name="first_launch">{&quot;from_fg&quot;:40120,&quot;start_with&quot;:&quot;activity&quot;,&quot;init_to_fg&quot;:72}</string>
    <string name="appsFlyerFirstInstall">2025-12-03_200903+0530</string>
    <long name="afUninstallToken_received_time" value="1764774367434" />
    <string name="attributionId">{&quot;install_time&quot;:&quot;2025-12-03 15:05:32.771&quot;,&quot;af_message&quot;:&quot;organic install&quot;,&quot;af_status&quot;:&quot;Organic&quot;,&quot;is_first_launch&quot;:false}</string>
</map>
