<?xml version='1.0' encoding='utf-8' standalone='yes' ?>
<map>
    <set name="fire-installations/18.0.0 fire-transport/18.2.0 android-installer/bin.mt.plus.canary android-min-sdk/24 device-brand/realme react-native-firebase/21.7.4 fire-core/21.0.0 fire-android/30 fire-core-ktx/21.0.0 android-platform/ fire-fcm/24.1.0 device-name/RMX3201 android-target-sdk/36 kotlin/1.9.25 device-model/RMX3201">
        <string>2025-12-04</string>
    </set>
    <set name="device-model/light fire-transport/18.2.0 fire-installations/18.0.0 android-min-sdk/24 device-name/light_p_in react-native-firebase/21.7.4 fire-android/34 android-installer/com.android.vending fire-core/21.0.0 fire-core-ktx/21.0.0 device-brand/POCO android-platform/ fire-fcm/24.1.0 android-target-sdk/36 kotlin/1.9.25">
        <string>2025-12-05</string>
    </set>
    <long name="fire-count" value="3" />
    <string name="last-used-date">2025-12-05</string>
    <long name="fire-global" value="1764772791202" />
    <set name="fire-installations/18.0.0 fire-transport/18.2.0 android-installer/bin.mt.plus.canary android-min-sdk/24 device-brand/realme react-native-firebase/21.7.4 fire-core/21.0.0 fire-android/30 fire-core-ktx/21.0.0 android-platform/ fire-fcm/24.1.0 device-model/RMX3201 android-target-sdk/36 kotlin/1.9.25 device-name/RMX3201">
        <string>2025-12-03</string>
    </set>
</map>
