<?xml version='1.0' encoding='utf-8' standalone='yes' ?>
<map>
    <set name="device-model/light fire-cls/18.6.3 fire-fcm/23.4.1 flutter-fire-core/2.32.0 device-name/light_p_in fire-sessions/1.2.3 fire-core-ktx/20.4.3 fire-analytics/21.6.1 fire-core/20.4.3 fire-android/34 flutter-fire-cls/3.5.7 android-installer/com.android.vending fire-installations/17.2.0 device-brand/POCO android-min-sdk/21 android-platform/ flutter-fire-analytics/10.10.7 fire-transport/18.1.8 kotlin/1.9.24 android-target-sdk/33">
        <string>2025-12-09</string>
    </set>
    <long name="fire-count" value="1" />
    <string name="last-used-date">2025-12-09</string>
    <long name="fire-global" value="1765282672970" />
</map>
