{"Fid":"eSUv0OK1SNCdLdH5KSyHH0","Status":3,"AuthToken":"eyJhbGciOiJFUzI1NiIsInR5cCI6IkpXVCJ9.eyJhcHBJZCI6IjE6ODQ5MjYxMzY5MDg1OmFuZHJvaWQ6ODY0OGNlYzEwMWU2ZmY0MSIsImV4cCI6MTc2NDkxNTM3NSwiZmlkIjoiZVNVdjBPSzFTTkNkTGRINUtTeUhIMCIsInByb2plY3ROdW1iZXIiOjg0OTI2MTM2OTA4NX0.AB2LPV8wRQIhAPrqAm3gbpuC-noXy3Fa6do4oLgfES7RsRK5GFxNv8d8AiAjhrAxjEZ3WBw9P6ARn2hzG4O_HbYm42L6DKt_vgoBCw","RefreshToken":"3_AS3qfwJ99M8ZMNY5csgwT2IDRC0ft2Yn8T4jyKevcqjcFjg0rJpNkLt0Bz3JhpPiGZsMEDmmgOsBAQClgwndHwR8itpGlfWbhs_D4Z8bcFfY_yU","TokenCreationEpochInSecs":1764310575,"ExpiresInSecs":604800}