<?xml version='1.0' encoding='utf-8' standalone='yes' ?>
<map>
    <long name="first_open_time" value="1765087556872" />
    <string name="gmp_app_id">1:1023133728894:android:f25a671f5194e1d618d82f</string>
    <string name="app_instance_id">cc3694039fbb213cf8408fa3f9c8f1c7</string>
    <long name="session_id" value="1765087561" />
    <boolean name="app_backgrounded" value="false" />
    <long name="health_monitor:start" value="1765087561402" />
    <boolean name="use_service" value="true" />
    <boolean name="deferred_analytics_collection" value="false" />
    <string name="previous_os_version">14</string>
    <boolean name="has_been_opened" value="true" />
    <boolean name="allow_remote_dynamite" value="true" />
    <long name="last_pause_time" value="1765087586654" />
    <boolean name="start_new_session" value="false" />
</map>
