{"Fid":"dflmhU5sTt2U34GSku03Fl","Status":3,"AuthToken":"eyJhbGciOiJFUzI1NiIsInR5cCI6IkpXVCJ9.eyJhcHBJZCI6IjE6MTAyMzEzMzcyODg5NDphbmRyb2lkOmYyNWE2NzFmNTE5NGUxZDYxOGQ4MmYiLCJleHAiOjE3NjU2OTIzNzMsImZpZCI6ImRmbG1oVTVzVHQyVTM0R1NrdTAzRmwiLCJwcm9qZWN0TnVtYmVyIjoxMDIzMTMzNzI4ODk0fQ.AB2LPV8wRAIgCy8zYcHJsCu-vqPio5Ct-EexlS8rbHzCZN7RRpQsrF4CICkhmEiy3CBDXh0Q0OmHdqbqmsTXgcT_h-BNWNZRa-WM","RefreshToken":"3_AS3qfwJdIbQPXvP9szof2HwuNwQaef5ZRJNCTc9lwBAcD7qRVq27FuDvnlY6yvrj4kbApMTKsd-TjNMKiqVqWVSlLyRDgQMDUJZPmmjCduhjzQ","TokenCreationEpochInSecs":1765087573,"ExpiresInSecs":604800}