{"Fid":"eyGVZFZ-R22AQ3zTVAqNXe","Status":3,"AuthToken":"eyJhbGciOiJFUzI1NiIsInR5cCI6IkpXVCJ9.eyJhcHBJZCI6IjE6MTAxNjc4NjQ0NTg4MjphbmRyb2lkOjI2MWUxNWI4MDZlYmMwOGJlZTc3MDMiLCJleHAiOjE3NjUzNzc2MTMsImZpZCI6ImV5R1ZaRlotUjIyQVEzelRWQXFOWGUiLCJwcm9qZWN0TnVtYmVyIjoxMDE2Nzg2NDQ1ODgyfQ.AB2LPV8wRAIgamJ_zhaeCLcC2qX48Hsro_2RSQ3DimSi9CPt_1BYUqwCIEgBdn7IoI-YmzA_sruB7eUMPA06UlKXuVJU2qJdlSXW","RefreshToken":"3_AS3qfwKeM97owO0Xitl8PRo_jX8ImWUwzYkqOa8OI-GYfjD4gybuu7nFGK2trs9pHe_jvDdzQsXJnvaA2iswxrJsRZ7vLijSkHUGnUCimvsMTvM","TokenCreationEpochInSecs":1764772813,"ExpiresInSecs":604800}