<?xml version='1.0' encoding='utf-8' standalone='yes' ?>
<map>
    <long name="prev_session_dur" value="6" />
    <string name="afUninstallToken">eSUv0OK1SNCdLdH5KSyHH0:APA91bGaEy1ypmNGTRaEW3xGAXGowZL1qZYf4z8kbaAf-S2ZdsjzWN7opHa3s9uhJDYlbXVD5ZE7LvrJoSBdmHNW8Dfxbp3CNXQevoSbpDbuwIVOIZ4YGOk</string>
    <boolean name="ddl_sent" value="true" />
    <long name="af_rc_max_age" value="86400" />
    <string name="sentSuccessfully">true</string>
    <string name="ddl">{&quot;net&quot;:[10342,0],&quot;from_fg&quot;:32,&quot;timeout_value&quot;:3000,&quot;status&quot;:&quot;ERROR&quot;}</string>
    <int name="versionCode" value="11963" />
    <string name="af_remote_config">eyJmZWF0dXJlcyI6eyJleGNfbW5nciI6W3siZGF0YSI6eyJ2MSI6eyJzZGtfdmVyIjoiMS45LjkiLCJtaW4iOjEsImV4cGlyZSI6MTB9fX1dfSwidmVyIjoiNDI5NzI5ZmIudjEuMTY4NjI0NzQ4NTAwMCJ9</string>
    <boolean name="sentRegisterRequestToAF" value="true" />
    <string name="savedProperties">{&quot;uid&quot;:&quot;1764310586549-5383760204173143936&quot;,&quot;advertiserId&quot;:&quot;319775b3-bbd4-4a24-ab1e-a4e41ef28214&quot;,&quot;advertiserIdEnabled&quot;:&quot;true&quot;}</string>
    <string name="AF_INSTALLATION">1764310586549-5383760204173143936</string>
    <boolean name="afUninstallToken_queued" value="false" />
    <int name="appsFlyerCount" value="23" />
    <long name="AppsFlyerTimePassedSincePrevLaunch" value="1764747734065" />
    <boolean name="newGPReferrerSent" value="true" />
    <long name="af_rc_timestamp" value="1764682757760" />
    <string name="appsFlyerFirstInstall">2025-11-28_061626+0000</string>
    <int name="af_send_exc_min" value="1" />
    <long name="afUninstallToken_received_time" value="1764662433893" />
    <string name="attributionId">{&quot;af_status&quot;:&quot;Organic&quot;,&quot;af_message&quot;:&quot;organic install&quot;,&quot;is_first_launch&quot;:false}</string>
</map>
