<?xml version='1.0' encoding='utf-8' standalone='yes' ?>
<map>
    <long name="prev_session_dur" value="14" />
    <string name="afUninstallToken">eSUv0OK1SNCdLdH5KSyHH0:APA91bEa39Bw2ibGN6Ltn-IeSvyklx_GMyVUQHCUE-j7l45NJyDaVWAsd7QMFPVsijw9AshDty-t4FcJh0iz8KmR9Bw4kunbFbEy2cLh-TA-W9jAuIcL9QM</string>
    <boolean name="ddl_sent" value="true" />
    <long name="af_rc_max_age" value="86400" />
    <string name="ddl">{&quot;net&quot;:[10342,0],&quot;from_fg&quot;:32,&quot;timeout_value&quot;:3000,&quot;status&quot;:&quot;ERROR&quot;}</string>
    <int name="versionCode" value="11963" />
    <string name="af_remote_config">eyJmZWF0dXJlcyI6e30sInZlciI6ImRlZmF1bHQudjEuMTYzNzE0OTUyOSJ9</string>
    <string name="savedProperties">{&quot;uid&quot;:&quot;1764310586549-5383760204173143936&quot;,&quot;advertiserId&quot;:&quot;319775b3-bbd4-4a24-ab1e-a4e41ef28214&quot;,&quot;advertiserIdEnabled&quot;:&quot;true&quot;}</string>
    <string name="AF_INSTALLATION">1764310586549-5383760204173143936</string>
    <boolean name="afUninstallToken_queued" value="false" />
    <int name="appsFlyerCount" value="18" />
    <long name="AppsFlyerTimePassedSincePrevLaunch" value="1764568683780" />
    <boolean name="newGPReferrerSent" value="true" />
    <long name="af_rc_timestamp" value="1764489582500" />
    <string name="appsFlyerFirstInstall">2025-11-28_061626+0000</string>
    <long name="afUninstallToken_received_time" value="1764310691345" />
</map>
