<?xml version='1.0' encoding='utf-8' standalone='yes' ?>
<map>
    <long name="first_open_time" value="1764310573305" />
    <string name="gmp_app_id">1:849261369085:android:8648cec101e6ff41</string>
    <string name="app_instance_id">605d8a13eebe38d5a3f36963b6150b8a</string>
    <long name="session_id" value="1764568664" />
    <boolean name="app_backgrounded" value="true" />
    <long name="health_monitor:start" value="1764486117226" />
    <boolean name="use_service" value="true" />
    <boolean name="deferred_analytics_collection" value="false" />
    <string name="previous_os_version">14</string>
    <boolean name="has_been_opened" value="true" />
    <boolean name="allow_remote_dynamite" value="true" />
    <long name="last_pause_time" value="1764568697150" />
    <boolean name="start_new_session" value="false" />
</map>
