<?xml version='1.0' encoding='utf-8' standalone='yes' ?>
<map>
    <set name="fire-cls/19.3.0 kotlin/2.0.21 device-model/light fire-installations/18.0.0 fire-rc/22.0.1 device-name/light_p_in fire-abt/21.1.1 fire-android/34 android-installer/com.android.vending fire-core/21.0.0 fire-core-ktx/21.0.0 fire-perf/21.0.3 device-brand/POCO fire-analytics/22.1.2 android-min-sdk/21 android-platform/ fire-fcm/24.1.0 android-target-sdk/25 fire-transport/19.0.0 fire-sessions/2.0.7">
        <string>2025-11-28</string>
    </set>
    <set name="fire-cls/19.3.0 kotlin/2.0.21 fire-installations/18.0.0 fire-rc/22.0.1 device-name/light_p_in fire-abt/21.1.1 fire-android/34 fire-core/21.0.0 fire-core-ktx/21.0.0 android-installer/com.google.android.packageinstaller fire-perf/21.0.3 fire-analytics/22.1.2 device-brand/xiaomi android-min-sdk/21 android-platform/ device-model/Mi_11x fire-fcm/24.1.0 android-target-sdk/35 fire-transport/19.0.0 fire-sessions/2.0.7">
        <string>2025-12-03</string>
    </set>
    <long name="fire-count" value="5" />
    <string name="last-used-date">2025-12-03</string>
    <long name="fire-global" value="1764636827681" />
    <set name="fire-cls/19.3.0 kotlin/2.0.21 device-model/light fire-installations/18.0.0 fire-rc/22.0.1 device-name/light_p_in fire-abt/21.1.1 fire-android/34 android-installer/com.android.vending fire-core/21.0.0 fire-core-ktx/21.0.0 fire-perf/21.0.3 fire-analytics/22.1.2 device-brand/POCO android-min-sdk/21 android-platform/ fire-fcm/24.1.0 fire-transport/19.0.0 android-target-sdk/25 fire-sessions/2.0.7">
        <string>2025-11-30</string>
        <string>2025-11-29</string>
    </set>
</map>
