<?xml version='1.0' encoding='utf-8' standalone='yes' ?>
<map>
    <string name="pfworkid">6ZW-45W-W84Z</string>
    <string name="instance:6ZW-45W-W84Z">{&quot;accountId&quot;:&quot;6ZW-45W-W84Z&quot;,&quot;accountToken&quot;:&quot;054-016&quot;,&quot;analyticsOnly&quot;:false,&quot;isDefaultInstance&quot;:true,&quot;useGoogleAdId&quot;:false,&quot;disableAppLaunchedEvent&quot;:false,&quot;personalization&quot;:true,&quot;debugLevel&quot;:0,&quot;createdPostAppLaunch&quot;:false,&quot;sslPinning&quot;:false,&quot;backgroundSync&quot;:true,&quot;getEnableCustomCleverTapId&quot;:false,&quot;beta&quot;:false,&quot;encryptionLevel&quot;:0,&quot;allowedPushTypes&quot;:[]}</string>
    <string name="ict_date:__2cf891e056b84f7f858f7dd0fb5bec0c:6ZW-45W-W84Z">03122025</string>
    <int name="comms_last_ts:6ZW-45W-W84Z" value="1764747735" />
    <int name="comms_first_ts:6ZW-45W-W84Z" value="1764310585" />
    <int name="encryptionLevel:6ZW-45W-W84Z" value="0" />
    <int name="encryptionMigrationFailureCount:6ZW-45W-W84Z" value="0" />
    <int name="istc_inapp:__2cf891e056b84f7f858f7dd0fb5bec0c:6ZW-45W-W84Z" value="0" />
    <int name="sexe:6ZW-45W-W84Z" value="1764310589" />
    <int name="lastSessionId:6ZW-45W-W84Z" value="1764310573" />
    <string name="deviceId:6ZW-45W-W84Z">__2cf891e056b84f7f858f7dd0fb5bec0c</string>
    <int name="imc:__2cf891e056b84f7f858f7dd0fb5bec0c:6ZW-45W-W84Z" value="10" />
    <int name="istmcd_inapp:__2cf891e056b84f7f858f7dd0fb5bec0c:6ZW-45W-W84Z" value="10" />
    <boolean name="OptOut:__2cf891e056b84f7f858f7dd0fb5bec0c:6ZW-45W-W84Z" value="true" />
    <string name="fcm_token:6ZW-45W-W84Z">eSUv0OK1SNCdLdH5KSyHH0:APA91bGaEy1ypmNGTRaEW3xGAXGowZL1qZYf4z8kbaAf-S2ZdsjzWN7opHa3s9uhJDYlbXVD5ZE7LvrJoSBdmHNW8Dfxbp3CNXQevoSbpDbuwIVOIZ4YGOk</string>
    <boolean name="ssInAppMigrated:6ZW-45W-W84Z" value="true" />
    <string name="SP_KEY_PROFILE_IDENTITIES:6ZW-45W-W84Z">Email,Identity</string>
    <long name="last_assets_cleanup" value="1764310586140" />
</map>
